cuenta,contrasenya,nombre,departamento,descripcion
salabaus,EEuCQDc10,SUSANA ALABAU SANCHO,COMERCIAL,salabaus@empresa3.com
ldel_torog,EEuCQDc10,LUIS DEL TORO GIL,COMERCIAL,ldel_toro@empresa3.com
jiscariotei,EEuCQDc10,JUDAS ISCARIOTE IMAN,COMERCIAL,jiscariotei@empresa3.com
tmartinezi,EEuCQDc10,TORIVIO MARTINEZ INIESTA,COMERCIAL,tmartinezi@empresa3.com
lmollg,EEuCQDc10,LAURA MOLL GIL,COMERCIAL,lmollg@empresa3.com
epellicerj,EEuCQDc10,EVA PELLICER JUAN,COMERCIAL,epellicerj@empresa3.com
pramirest,EEuCQDc10,PEDRO RAMIRES TORRES,COMERCIAL,pramirest@empresa3.com
lvilan,EEuCQDc10,LUCIA VILA NOVA,COMERCIAL,lvilan@empresa3.com
jaguilara,EEuCQDc10,JOHANN AGUILAR ALBA,COMPATIBILITAT,jaguilara@empresa3.com
fanac,EEuCQDc10,FRANCO ANA CLETO,COMPATIBILITAT,fanac@empresa3.com
rgallegoc,EEuCQDc10,RODRIGO GALLEGO CHAVES,COMPATIBILITAT,rgallegoc@empresa3.com
psanchoc,EEuCQDc10,PEPE SANCHO CARVALHO,COMPATIBILITAT,psanchoc@empresa3.com
abasen,EEuCQDc10,ANDRES BASE NOVA,INFORMÀTCA,abasen@empresa3.com
mcidc,EEuCQDc10,MIGUEL CID CABANES,INFORMÀTCA,mcidc@empresa3.com
fcoelloa,EEuCQDc10,FRANCISCO COELLO ALABAU,INFORMÀTCA,fcoelloa@empresa3.com
iruizm,EEuCQDc10,ISABEL RUIZ MONCHO,INFORMÀTCA,iruizm@empresa3.com
asacar,EEuCQDc10,ALBERTO SACA RINO,INFORMÀTCA,asacar@empresa3.com
pvalenciar,EEuCQDc10,PIEDAD VALENCIA RUIZ,INFORMÀTCA,pvalenciar@empresa3.com
szambujoc,EEuCQDc10,SARA ZAMBUJO CAMPOS,INFORMÀTCA,szambujoc@empresa3.com
jariasp,EEuCQDc10,JAVIER ARIAS PUJOL,PERSONAL,jariasp@empresa3.com
cbenitob,EEuCQDc10,CARLOS BENITO BONIATO,PERSONAL,cbenitob@empresa3.com
jcalasanzm,EEuCQDc10,JOSE CALASANZ MATEO,PERSONAL,jcalasanzm@empresa3.com
mcarp,EEuCQDc10,MARTA CAR PANTA,PERSONAL,mcarp@empresa3.com
pgomisz,EEuCQDc10,PEDRO GOMIS ZAMBUJO,PERSONAL,pgomisz@empresa3.com
pmesis,EEuCQDc10,PEDRO MESI SUAREZ,PERSONAL,pmesis@empresa3.com
lnavarror,EEuCQDc10,LUIS NAVARRO RUIZ,PERSONAL,lnavarror@empresa3.com
atribul,EEuCQDc10,AMELIE TRIBU LETE,PERSONAL,atribul@empresa3.com
pvargasv,EEuCQDc10,PEPE VARGAS VARGAS,PERSONAL,pvargasv@empresa3.com